{"seed_2": {"epoch": 195, "train_acc": 0.5607202649116516, "val_acc": 0.36744675040245056, "val_loss": 1.0976365804672241}}