{"seed_42": {"epoch": 167, "train_acc": 0.995959460735321, "val_acc": 0.3627660274505615, "val_loss": 1.1010174751281738}}