{"seed_1": {"epoch": 8, "train_acc": 0.36610743403434753, "val_acc": 0.33933669328689575, "val_loss": 1.0983483791351318}}